customer_id,customer_firstname,customer_lastname,customer_email,customer_gender,customer_address,customer_mobileno,customer_birthdate
1,Zabrina,Khilkov,zkhilkov0@yandex.ru,Female,95619 Fairview Pass,(821) 6705588,18-05-1971
2,Cayla,Cordeux,ccordeux1@blogspot.com,Polygender,98 Old Shore Park,(805) 8131002,07-09-1999
3,Liliane,Gosnay,lgosnay2@linkedin.com,Female,4 Hooker Pass,(209) 6224963,10-07-1993
4,Gustav,Advani,gadvani3@state.tx.us,Male,4949 Graceland Court,(280) 1331851,03-09-1975
5,Nertie,Thomsen,nthomsen4@ca.gov,Female,1224 Annamark Place,(281) 8430652,14-05-1971
6,Beck,Niesing,bniesing5@ameblo.jp,Male,42 Hollow Ridge Terrace,(456) 9775873,08-03-1995
7,Clarice,Filippello,cfilippello6@godaddy.com,Genderqueer,539 Pawling Road,(715) 2341382,02-10-1985
8,Julietta,Langfitt,jlangfitt7@nydailynews.com,Female,7410 Heffernan Park,(226) 4553137,03-11-1971
9,Kaycee,Santello,ksantello8@usa.gov,Genderqueer,88 Brentwood Parkway,(847) 8507411,14-06-1975
10,Michele,Tremouille,mtremouille9@biglobe.ne.jp,Male,44 Northwestern Street,(865) 4922793,18-05-1988
11,Wolf,Deehan,wdeehana@taobao.com,Male,81538 Annamark Center,(842) 6095197,18-07-1993
12,Bert,Middup,bmiddupb@newyorker.com,Male,041 Eagan Drive,(900) 9716104,12-12-1972
13,Dore,Seeds,dseedsc@tuttocitta.it,Female,234 Nobel Crossing,(858) 8966252,28-06-1980
14,Kahlil,Carress,kcarressd@amazon.de,Male,43 Scott Park,(440) 9425569,10-06-1989
15,Marj,Dorran,mdorrane@deviantart.com,Female,5 Artisan Center,(950) 5228645,08-06-1971
16,Darrel,Arbuckle,darbucklef@php.net,Male,092 Gulseth Circle,(901) 2276814,09-11-1986
17,Claudine,Knoton,cknotong@tamu.edu,Female,79 Pine View Center,(314) 4603757,20-01-1974
18,Arabele,Vertigan,avertiganh@boston.com,Female,6 Lighthouse Bay Trail,(692) 3583577,15-08-1980
19,Selinda,McArdell,smcardelli@cdbaby.com,Female,1583 Randy Pass,(754) 6105228,22-07-1995
20,Hewett,Nazaret,hnazaretj@pbs.org,Male,653 Brown Parkway,(126) 7578582,08-09-1994
21,Shurlocke,Radenhurst,sradenhurstk@tinypic.com,Male,3 Butterfield Way,(319) 5563647,25-02-1988
22,Lynea,Sinderson,lsindersonl@odnoklassniki.ru,Female,9 Schurz Place,(974) 7602836,07-06-1979
23,Janos,Espadas,jespadasm@skyrock.com,Male,5465 Commercial Drive,(265) 8929092,31-12-1994
24,Sabra,Gwyllt,sgwylltn@discovery.com,Genderfluid,99 Loomis Junction,(459) 8712272,05-12-1975
25,Phip,Diamant,pdiamanto@nyu.edu,Male,3257 Autumn Leaf Lane,(684) 6623996,05-05-1979
26,Gretel,Voller,gvollerp@webeden.co.uk,Female,707 Golf Plaza,(199) 4926639,21-06-1972
27,Monica,Riggott,mriggottq@xing.com,Female,84286 Pleasure Circle,(243) 1925270,09-06-1972
28,Cammi,Abrahart,cabrahartr@flavors.me,Female,222 Spenser Alley,(155) 6848020,29-05-2000
29,Bryn,Tebald,btebalds@buzzfeed.com,Male,93104 Lawn Drive,(618) 3194085,08-12-1988
30,Sena,Dearden,sdeardent@hibu.com,Female,852 Saint Paul Drive,(361) 3771613,27-04-1978
31,Alwyn,Jendas,ajendasu@nymag.com,Male,3 Golden Leaf Lane,(866) 2535466,27-11-1978
32,Gilda,Wanden,gwandenv@liveinternet.ru,Female,8 Becker Court,(403) 4942128,05-07-1974
33,Siegfried,Petican,speticanw@goodreads.com,Male,6273 Brentwood Park,(363) 7140488,13-10-1997
34,Felike,Sandiland,fsandilandx@google.it,Male,7 Scofield Way,(561) 3758597,03-05-1991
35,Jarad,Djurdjevic,jdjurdjevicy@freewebs.com,Male,8497 8th Street,(488) 7215502,01-06-1995
36,Cointon,Cartlidge,ccartlidgez@google.fr,Male,056 Springview Hill,(558) 7324268,07-06-1974
37,Charla,Core,ccore10@blogspot.com,Female,70 Namekagon Hill,(410) 1103352,19-08-1996
38,Eal,Le Leu,eleleu11@usa.gov,Male,0449 Ronald Regan Point,(422) 2077416,15-10-1983
39,Aldric,Gainsford,againsford12@lycos.com,Male,441 Sachtjen Parkway,(504) 7514822,02-07-1978
40,Jacinthe,Kobierzycki,jkobierzycki13@chronoengine.com,Female,8379 Dapin Terrace,(390) 3235218,02-05-1997
41,Julie,Thunderchief,jthunderchief14@booking.com,Male,29915 Reinke Trail,(677) 8822304,09-05-1980
42,Bette,Manuel,bmanuel15@va.gov,Female,1779 Manufacturers Hill,(648) 6802172,01-01-1983
43,Parsifal,Jeandet,pjeandet16@unc.edu,Male,9 Del Sol Park,(702) 8262675,09-04-1985
44,Ringo,Gingel,rgingel17@msn.com,Male,554 Anhalt Circle,(472) 7635321,27-07-1975
45,Natale,Pennaman,npennaman18@com.com,Male,9998 Graceland Parkway,(761) 8685062,29-07-1999
46,Husein,Mockford,hmockford19@wikia.com,Male,82 Golden Leaf Trail,(152) 4909619,19-04-1974
47,Min,Philpott,mphilpott1a@hubpages.com,Female,8 Fisk Pass,(376) 5026673,17-04-1973
48,Lon,Le Marchant,llemarchant1b@webs.com,Male,3 Russell Way,(651) 3362913,22-03-2000
49,Tedman,Coxwell,tcoxwell1c@vk.com,Male,25 Garrison Hill,(864) 1633426,01-01-1973
50,Barnabas,Jado,bjado1d@lulu.com,Genderqueer,8 Springs Circle,(717) 5805356,25-06-1997
51,Ciel,Rissen,crissen1e@goodreads.com,Female,64 Corben Junction,(231) 1034440,11-12-1999
52,Tab,Picardo,tpicardo1f@tinypic.com,Male,47126 Bonner Avenue,(701) 9231782,24-10-1986
53,Gris,Learie,glearie1g@unesco.org,Male,62732 Spohn Pass,(649) 5413685,31-07-1980
54,Rikki,Petersen,rpetersen1h@shop-pro.jp,Female,722 Gerald Park,(469) 7741129,25-10-1997
55,Marjy,Whitters,mwhitters1i@jigsy.com,Female,19 Crownhardt Drive,(768) 3859457,19-09-1988
56,Brose,Oakly,boakly1j@google.de,Male,89 Bay Pass,(191) 8943053,06-02-1981
57,Remus,Lapslie,rlapslie1k@feedburner.com,Male,64 Monica Avenue,(281) 5735557,30-05-1971
58,Heath,Straun,hstraun1l@rambler.ru,Female,7 Toban Pass,(712) 4781669,15-07-1994
59,Sonny,Bilovus,sbilovus1m@stumbleupon.com,Male,6 Waywood Junction,(272) 7518233,30-03-1981
60,Hagan,Kidby,hkidby1n@slashdot.org,Male,8433 Manley Crossing,(166) 4253143,09-04-1983
61,Melony,Hagger,mhagger1o@delicious.com,Female,0006 Forster Point,(458) 9292868,03-11-1990
62,Pollyanna,Mordan,pmordan1p@sciencedirect.com,Female,5 Heath Street,(166) 2776760,22-02-1976
63,Tomas,Yacob,tyacob1q@reference.com,Male,85 Lien Court,(188) 7045731,10-04-1985
64,Lawry,Poncet,lponcet1r@barnesandnoble.com,Male,4574 Spenser Street,(696) 2682759,25-02-1984
65,Pietra,Sugar,psugar1s@studiopress.com,Female,2 Dennis Pass,(907) 4746649,01-04-1991
66,Micky,Nand,mnand1t@fastcompany.com,Female,9595 Mifflin Drive,(207) 7177934,22-06-1981
67,Janenna,Josephi,jjosephi1u@google.ru,Female,8 Milwaukee Drive,(438) 3499740,24-06-1975
68,Byrle,Canty,bcanty1v@artisteer.com,Male,88 Delladonna Avenue,(169) 3675823,02-09-1998
69,Bernardo,Denford,bdenford1w@toplist.cz,Male,651 Bunting Hill,(815) 3868443,21-07-1984
70,Tamqrah,Whorf,twhorf1x@spiegel.de,Female,01760 Golden Leaf Pass,(875) 3277990,20-03-1981
71,Stanleigh,Bellham,sbellham1y@storify.com,Male,01 Bayside Street,(619) 1781858,01-06-1973
72,Francoise,Frankham,ffrankham1z@youtu.be,Female,23 Browning Street,(390) 9209563,25-06-1995
73,Perice,Duckels,pduckels20@csmonitor.com,Male,2715 Drewry Center,(558) 4167355,19-06-1998
74,Ethelind,Peare,epeare21@techcrunch.com,Female,13 Magdeline Terrace,(974) 6762052,08-06-1987
75,Karie,Ruvel,kruvel22@bloglines.com,Female,13 Kim Crossing,(750) 1910431,19-09-1986
76,Westley,Zeale,wzeale23@arizona.edu,Male,82 Dottie Terrace,(105) 2578727,05-07-1971
77,Fonz,Ledwith,fledwith24@washington.edu,Male,678 Rigney Junction,(147) 8229685,28-05-1977
78,Lionello,Loveday,lloveday25@google.ca,Male,259 Arkansas Place,(739) 5627441,27-02-1999
79,Thacher,Blazevic,tblazevic26@economist.com,Non-binary,07878 Manley Plaza,(268) 9273154,28-05-1993
80,Katerine,Marvin,kmarvin27@privacy.gov.au,Female,4 Cambridge Way,(220) 2977373,14-07-1996
81,Darb,Born,dborn28@zdnet.com,Male,8234 Forest Dale Point,(394) 9174037,27-12-1981
82,Ermentrude,Fretwell,efretwell29@miitbeian.gov.cn,Female,49 Kim Plaza,(150) 2062976,04-11-1995
83,Randa,Zoppo,rzoppo2a@pbs.org,Female,766 Harper Plaza,(393) 4101312,09-04-1998
84,Had,Kuhnt,hkuhnt2b@ehow.com,Male,77 Scott Drive,(588) 4803108,17-06-1985
85,Shannan,Wilne,swilne2c@google.es,Male,0 Hansons Drive,(994) 7058245,13-06-1990
86,Yvor,Udy,yudy2d@hatena.ne.jp,Male,7 Graceland Way,(962) 4804833,13-06-1975
87,Marilyn,Roskams,mroskams2e@acquirethisname.com,Female,62074 Myrtle Court,(322) 8215722,25-04-1993
88,Quint,Boissier,qboissier2f@google.pl,Male,753 Delladonna Trail,(130) 1124468,26-07-1974
89,Ase,McLachlan,amclachlan2g@intel.com,Male,2 Manufacturers Crossing,(459) 6200778,01-04-1991
90,Nicki,Vautin,nvautin2h@ucoz.com,Female,49 Stang Place,(605) 5977261,22-04-1971
91,Lindsey,Keay,lkeay2i@topsy.com,Male,147 Messerschmidt Parkway,(281) 4475359,20-03-1978
92,Mirabelle,Linfitt,mlinfitt2j@google.fr,Female,152 Cottonwood Road,(858) 7144973,08-07-1999
93,Carola,Sjollema,csjollema2k@ftc.gov,Female,6207 Susan Way,(372) 4437391,25-07-1978
94,Margareta,Anan,manan2l@histats.com,Female,14187 Eggendart Junction,(640) 4275164,23-08-1981
95,Issie,Thomlinson,ithomlinson2m@wikipedia.org,Female,28981 Crest Line Point,(580) 2815927,30-03-1986
96,Lenard,Clampe,lclampe2n@blogspot.com,Polygender,55 Coleman Trail,(683) 9351249,30-01-1984
97,Kienan,Cottrill,kcottrill2o@wix.com,Male,340 Village Circle,(688) 5008329,15-09-1991
98,Amandie,Noddings,anoddings2p@artisteer.com,Female,3369 Dayton Road,(640) 9925764,05-01-1989
99,Maybelle,Merkel,mmerkel2q@goodreads.com,Female,192 Paget Court,(379) 3096333,24-10-1978
100,Joann,Sherbrook,jsherbrook2r@feedburner.com,Female,69 American Ash Point,(642) 8237440,23-04-1984
